id,category,type,question,answer,dummy1,dummy2,dummy3,explanation,
341,社会（都道府県）,choice,うどん県という名前で改名トップページまで作って讃岐うどんをアピールしたことで有名な都道府県はどこ？,香川県,徳島県,高知県,愛媛県,実はうどんのダシに使う『いりこ』の島や弘法大師のお寺などうどん以外にも見どころがいっぱいあるよ,
342,社会（都道府県）,choice,三重県は近畿地方と東海地方のどっち？学校の社会の教科書ではどっちの地方として習うことが多い？,東海地方,近畿地方,関東地方,北海道地方,天気予報や教科書では東海地方だけど近畿のイベントにも参加するよ どっちにも入れておトクな県だね,
343,社会（都道府県）,choice,山梨県と静岡県のあいだで大昔からうちの県のものだと言っててっぺんの取り合い論争が起きている日本一高い山は何？,富士山,高尾山,エベレスト,阿蘇山,実は富士山のてっぺんはどっちの県でもなく『富士山本宮浅間大社』という神社の特別な土地なんだよ,
344,社会（都道府県）,choice,いばらきなのかいばらぎなのか全国の人からよく間違えられるネバネバの納豆が日本一有名な県の正しい読み方はどっち？,いばらきけん,いばらぎけん,いばらきし,いばらぎし,『ぎ』じゃなくて『き』だよ！ちなみに水戸黄門さまでおなじみの水戸市が県庁所在地で納豆の聖地なんだ,
345,社会（都道府県）,choice,日本地図で見ると県の形がチーバくんという犬の立ち姿にそっくりで鼻の先が銚子市になっている都道府県はどこ？,千葉県,東京都,神奈川県,埼玉県,チーバくんの耳の先は関宿城（野田市）で足の裏は館山市！ディズニーランドがあるのはチーバくんの舌のあたりだよ,
346,社会（都道府県）,choice,日本地図で見ると県の形がお肉の骨や筋トレのダンベルのように真ん中がキュッと細長くなっている佐渡島がある都道府県はどこ？,新潟県,島根県,高知県,神奈川県,日本一のお米『コシヒカリ』の産地だよ 長い海岸線があって冬にはものすごい雪が降る雪国なんだ,
347,社会（都道府県）,choice,沖縄県や北海道を差し置いてじつは島の数が900個以上もあり日本一島だらけな都道府県はどこ？,長崎県,鹿児島県,沖縄県,北海道,島が多いのは沖縄かと思いきや実は長崎県！リアス海岸というギザギザした海岸だから島がたくさんできたんだ,
348,社会（都道府県）,choice,鳥取県と島根県の場所の罠。日本地図を上から見たとき左側（西側）にある出雲大社がある方の県はどっち？,島根県,鳥取県,どっちも右,どっちも左,ねずみ男のイラストや砂丘があるのが右側の鳥取県！シジミが取れる宍道湖や出雲大社があるのが左側の島根県だよ,
349,社会（都道府県）,choice,県庁所在地が津市という日本で一番名前が短くて漢字1文字・ひらがな1文字の県庁所在地がある都道府県はどこ？,三重県,滋賀県,岐阜県,愛知県,『つ』は世界で一番短い駅名としてもギネスブックに載っているよ 忍者で有名な伊賀市もある県だよ,
350,社会（都道府県）,choice,栃木県と茨城県の場所。日本地図で見たときじつは海に面していなくてまわりが全部陸地なのはどっち？,栃木県,茨城県,どっちも海がある,どっちも海がない,栃木県には海がないけれど代わりに日光東照宮の眠り猫や三猿など世界に誇るすごい歴史遺産があるよ,
351,社会（都道府県）,choice,県庁所在地が宇都宮市である県。この街が静岡県浜松市と毎年日本一の消費量を激しく競い合っている大人気のご当地グルメは何？,ギョーザ,たこ焼き,ハンバーグ,カレーライス,街中にギョーザの像があるくらいギョーザだらけの街！タレにラー油をたっぷりつけて食べるのが宇都宮流だよ,
352,社会（都道府県）,choice,漢字で書くさいたま市について小4の社会のテストで絶対に引っかかってはいけない有名な罠はどれ？,県名は漢字だけど市名はひらがな,県名も市名もひらがな,県名も市名も漢字,じつはカタカナ,県庁や大きな駅がある中心地は『さいたま市』とひらがなで書くのが大正解！テストの超定番のひっかけ罠だよ,
353,社会（地理）,choice,日本で一番大きい湖である琵琶湖の面積はこれがある滋賀県の面積のどれくらいを占めている？,約６分の１,約半分,約９割,ほぼ１００％,地図で見ると県全体の半分以上が湖に見えるけれど実はたったの6分の1！周りには広い盆地やお米の田んぼがあるよ,
354,社会（地理）,choice,日本一面積が狭い香川県は日本一広い北海道のどれくらいの大きさ？北海道に追いつくには何倍の広さが必要？,約４５分の一（約45倍必要）,約２分の一,約１０分の一,約５０0分の一,北海道はとにかくデカい！香川県が45個集まってようやく北海道1個分と同じ広さになるんだよ,
355,社会（地理）,choice,日本で一番住んでいる人（人口）が少なくて砂丘や梨がとっても有名な都道府県はどこ？,鳥取県,島根県,高知県,徳島県,人は少ないけれど日本一大きな鳥取砂丘があるよ！スタバをもじった『すなば珈琲』が有名になったこともあるんだ,
356,社会（地理）,choice,大昔の人がこの川は暴れると関東の暴れん坊太郎のように恐ろしいと呼んだ日本で一番流域面積が広い坂東太郎の別名を持つ川は何？,利根川,信濃川,筑後川,多摩川,坂東（関東）の太郎という意味だよ！上流にあるダムから東京や千葉のみんなが使う大切な水が送られてくるんだ,
357,社会（地理）,choice,大昔の人が筑紫（九州）の次郎と呼んでおそれた九州地方を流れる大暴れすることで有名な川の名前は何？,筑後川,利根川,信濃川,荒川,筑紫（九州）の次郎という意味だよ！暴れ川だけど周りの田んぼにたくさん水を分けてくれる恵みの川でもあるんだ,
358,社会（地理）,choice,大昔の人が四国の三郎と呼んでおそれた四国地方を流れる大暴れすることで有名な吉野川の別名は何？,四国三郎,坂東太郎,筑紫次郎,浪速四郎,四国の三郎という意味だよ！これで日本三大暴れ川の『太郎・次郎・三郎』が全部そろったね！,
359,社会（地理）,choice,世界で一番深い海（マリアナ海溝・深さ約1万メートル）の底に日本一高い富士山を沈めるとどうなる？,富士山がすっぽり沈んでもまだ水深が深い,山のてっぺんが少し海から出る,ちょうどてっぺんが水面と同じになる,富士山のほうが高いから沈まない,世界一深いマリアナ海溝は富士山を3つ積み上げてもまだ足りないくらい深い！海の底は真っ暗で不思議な世界だよ,
360,社会（地理）,choice,関東地方や関西地方に使われている関という漢字。これって一体なんのこと？,大昔に作られた通行止めの門（関所）,新幹線の駅の名前,国境の線のこと,関取り（お相撲さん）のこと,大昔の関所（箱根の関など）より東側が『関東』で西側が『関西』だよ！検問所が地方の名前の区切りになったんだ,
361,社会（地理）,choice,世界自然遺産に選ばれた青森県と秋田県にまたがる白神山地。ここに広がっている世界最大級の貴重な森の木は何？,ブナ,スギ,ヒノキ,松,ブナの森にはたくさんの実がなるからクマや珍しい鳥などたくさんの生き物たちが仲良く暮らせるんだ,
362,社会（地理）,choice,長野県や岐阜県のようにまわりをぐるっと他の県に囲まれていて海に面していない（海がない）県は日本全国に全部でいくつある？,８つ,３つ,５つ,12,海がない県を『内陸県（ないりくけん）』というよ！海はないけれど川がキレイで川魚や美味しい山の幸がたくさんある,
363,社会（地図記号）,choice,地図記号のヤシの木みたいなマーク（丸から３本の毛が生えたような形）。これがある場所には一体何が植えられている？,果樹園（リンゴやミカンなど）,熱帯雨林（ジャングル）,ただの雑草（空き地）,遊園地の木,リンゴやミカンやブドウの畑だよ！ヤシの木じゃなくて『立派な実がなったお皿の上の果物』をデザインした記号んだ,
364,社会（地図記号）,choice,地図記号のそろばんの玉や丸の中にポチがあるマーク。ここから掘り出されるお家や車の大切なエネルギー資源は何？,油田（石油）,温泉,火山,炭鉱,日本には少ないけれど新潟県や秋田県には今も原油が取れる油田のマークが地図に載っているよ,
365,社会（地図記号）,choice,地図記号の裁判所のマーク。これは大昔の裁判所の前に立てられていた正義を表すある植物の看板の形がもとになっています。何の植物？,ギザギザのハスの葉,トゲトゲのサボテン,立派な松の木,大きなひまわり,悪いことを裁く場所だから大昔の中国で『正義の裁判』を意味していたハスの花（の葉）をマークにしたんだよ,
366,社会（地図記号）,choice,地図記号の工場のマーク。これは工場でよく使われているある部品をデザインしたものです。何の部品？,歯車（はぐるま）,ネジ,煙突,ベルトコンベア,機械の中で噛み合ってグルグル回る『歯車』の形だよ！煙突の煙マークと間違えやすいから気をつけてね,
367,社会（地図記号）,choice,地図記号で丸の中に×が書いてあるおなじみのマーク。お巡りさんがいて街の安全を守ってくれるここはどこ？,交番（こうばん）,立ち入り禁止の場所,ゴミ集積所,宝物が埋まっている場所,お巡りさんが使う『警棒（けいぼう）』をバツの形に交差させたデザインんだ！警察署はまた別のマークだよ,
368,社会（生活）,choice,川から汲んだ水をそのまま飲むとお腹をこわすので水道局の浄水場である薬を使ってバイキンをやっつけています。プールのような匂いがするその薬は何？,塩素（えんそ）,お砂糖,お塩,消毒用アルコール,塩素のおかげで水道の蛇口から出た水をそのままゴクゴク飲めるんだ！これって世界でもすごく珍しいことなんだよ,
369,社会（生活）,choice,お家や学校から出たゴミを燃やす清掃工場。ゴミを燃やしたときに出るものすごい熱（エネルギー）はいまは無駄にせず何に使われている？,電気を作ったり温水プールを温める,空に逃がして雨雲を作る,宇宙にロケットで飛ばす,工場の周りをサウナにする,ゴミを燃やす熱で巨大なタービンを回して発電しているよ！エコで賢いハイテクな秘密基地なんだ,
370,社会（生活）,choice,ゴミを減らすための大切な合言葉３Ｒ。ゴミを減らす（Reduce）繰り返し使う（Reuse）と資源に戻してもう一度使うあと一つは何？,リサイクル（Recycle）,リラックス（Relax）,リフレッシュ（Refresh）,リトライ（Retry）,ペットボトルを洗って新しい服やフリースに生まれ変わらせるのがリサイクル！お家でも分別をがんばろう！,
371,理科（天体）,choice,夜空に光る赤っぽい色の星と青白い色の星。じつは星としての温度（熱さ）がもの凄く高くて激しく燃えているのはどっちの色？,青白い色の星,赤っぽい色の星,どっちも同じ温度,黄色い星のほうが熱い,ガスコンロの青い炎と同じ！星は温度が高くなるほど青白くなって温度が低め（といっても数千度）だと赤くなるよ,
372,理科（天体）,choice,夜空の星たちは太陽と同じように東から西へ動いて見えます。時計の針のように1時間経つと何度ずつ動いている？（1周360度を24時間で割ってね）,約１５度ずつ,約１度ずつ,約９０度ずつ,まったく動かない,星は24時間かけて360度グルッとまわるから 360割る24を計算すると『1時間に15度』動くことがわかるよ,
373,理科（天体）,choice,夜空の星たちが北極星を中心に時間をかけて時計と反対回りにぐるぐると回って見えるのはなぜ？,地球がコマのように自分で1日に1回回っているから,星たちが猛スピードで地球の周りを走っているから,宇宙全体が回っているから,太陽が引っ張っているから,星が動いているんじゃなくて自分たちが乗っている地球のほうが回っているんだ（自転というよ）！,
374,理科（天体）,choice,冬の星座の王様オリオン座の真ん中に美しく並んでいる三つ星。この３つの星の並び方は時間を置くとどうなる？,絶対に変わらない（星座の形はそのまま動く）,1時間ごとにバラバラになる,朝になると合体して1つになる,季節によって四角形になる,星の並び方（星座の形）は絶対に崩れないまま全体が東から西へ動くよ！だからずっとオリオンの形なんだ,
375,理科（天体）,choice,北の空見えるカシオペヤ座のＷの形。もし夜空を見上げる時間が遅くなるとこの形はどのように回転して見える？,逆さまになってＭの形に見える,文字が横に伸びてＶの形になる,星の数が１０個に増える,星が線になって消えてなくなる Ferguson,北極星を中心にして大きな時計の針みたいに回るから夜遅くなるとひっくり返って『Ｍ』の形に見えるんだよ,
376,理科（天体）,choice,太陽の光が一番強くて一番高くまで上がるのはお昼の12時（南中）。なのに1日のうちで気温が一番高くなるのが午後2時ごろなのはなぜ？,太陽に温められた地面の熱が空気に伝わるまでに時間がかかるから,太陽が午後２時に一番本気を出すから,お昼ごはんで日本中の人が火を使うから,時計の進み方が遅くなるから,光を浴びた地面がまずアツアツになってその熱が空気の温度を上げるまでに2時間くらいタイムラグがあるんだ,
377,理科（天体）,choice,夕方西の空に低く見える細い三日月。この三日月の光っている側のとがった２つの角はどっちの方角を向いている？,東の方角,西の方角,真上の方向,真下の方向,太陽が沈んだ西の空から光を浴びているからとがった角は東（太陽と反対側）を向いて沈んでいくよ,
378,理科（天体）,choice,お月様が満月の日。太陽が西の空にちょうど沈むその瞬間満月はどの方角の空から昇ってくる？,東の空,西の空,南の空,北の空,満月のときは太陽と月が地球をはさんで真反対にいるよ だから太陽が西に沈むと同時に東から満月が昇るんだ,
379,理科（天体）,choice,お月様が毎日すこしずつ形を変えて三日月になったり満月になったり見えるのはなぜ？,月が太陽の光を浴びながら地球のまわりを回っているから,月が自分でライトの明るさを変えているから,地球の影が毎日月を隠しているから,宇宙人が夜中に食べているから,月は自分で光っていなくて太陽の光を反射しているだけ！地球から見て光が当たっている向きが変わるからなんだ,
380,理科（天体）,choice,北の空でほとんど動かず昔の旅人が方位磁石代わりに使っていた北極星。じつは明るさは何等星？,２等星（意外と２番目の明るさグループ）,１等星（一番明るいグループ）,６等星（ギリギリ見える暗い星）,目で見えないくらい暗い,一番目立つ星かと思いきや実は普通の2等星！周りに明るい星がないから見つけやすいラッキーな星なんだ,
381,理科（動植物）,choice,理科の授業で育てるヘチマ。やがて黄色いお花が咲きますが大きくて長い実ができるのはどっちのお花の下側？,めしべがある「めばな」,おしべがある「おばな」,どっちの花でも実ができる,花が咲き終わったツルの途中,めばなの下側には咲いたときからすでにちっちゃいミニヘチマ（子房）がついていてそれが大きくなるんだよ,
382,理科（動植物）,choice,ヘチマのお花にやってくるミツバチやチョウ。虫たちは甘い蜜をもらう代わりにお花のためにどんな大切なことをしてあげている？,おばなの花粉をめばなのめしべに運んでいる（受粉）,お花の周りの雑草をむしっている,花びらをきれいに掃除している,お花を敵のイモムシから守って戦っている,虫の体に花粉がつくことでお花は子供（タネ）を作ることができるよ 植物と虫のナイスなチームワークだね,
383,理科（動植物）,choice,カブトムシやチョウなど昆虫の足は全部で６本。この６本の足は体の３つのパーツ（頭・胸・腹）のどこから生えている？,胸（むね）,頭（あたま）,お腹（おなか）,お尻（おしり）,すべての昆虫の足は絶対に『胸』から6本生えているよ！お腹から生えているように見えても胸なんだ,
384,理科（動植物）,choice,植木鉢をひっくり返すと出てくるダンゴムシやクモ。理科のテストの分類で昆虫の仲間に入れてもいい？,足の数が６本ではないので昆虫ではない,エビの仲間だから昆虫でいい,虫カゴで飼えるものはすべて昆虫でいい,頭と胸とお腹に分かれているから昆虫でいい,ダンゴムシは足が14本クモは8本！昆虫の絶対ルールは『足が6本で体が頭・胸・腹に分かれていること』だよ,
385,理科（動植物）,choice,アブラセミやクワガタなどカチカチの殻に覆われた夏の昆虫たち。彼らの骨はどこにある？,体の外側の硬い殻が骨の代わりになっている（外骨格）,人間と同じように体の中に白い骨のガイコツがある,じつは骨も殻もまったくないブヨブヨの体,足の節（ふし）の中にだけ小さな骨がある,昆虫は体の中に骨がない代わりに外側のスーツが骨みたいに体を支えているよ ロボットの装甲みたいだね！,
386,理科（動植物）,choice,春になってあたたかくなると植物の種が芽を出します。種が芽を出すために絶対に必要ないものはどれ？,太陽の光（じつは土の中だからいらない）,水,空気（酸素）,まわりのあたたかさ（温度）,タネは土の中に埋まっていて真っ暗だから芽を出すときには光はいらないんだ！葉っぱが出てから光が必要になるよ,
387,理科（動植物）,choice,カエルの大人の心臓とオタマジャクシの子供の心臓。理科の教科書にのっている魚と同じ１心房１心室という部屋の数が少ないシンプルな作りなのはどっち？,オタマジャクシ,カエル,どっちも人間とまったく同じ部屋の数,じつは両方とも心臓がない,オタマジャクシはエラ呼吸の魚と同じ作りだけど 大人になって肺呼吸になると２心房１心室にパワーアップするよ,
388,理科（動植物）,choice,秋になって寒くなるとサクラやイチョウの葉っぱが赤や黄色になって地面に落ちます。木が葉っぱを落としてしまう本当の理由は何？,冬の間無駄な水分が葉から逃げて木が凍らないようにするため,葉っぱが重くて枝が折れてしまうから,木が眠くなって力を抜いてしまうから,新しい葉っぱとジャンケンをして負けたから,冬の冷たい乾燥した風で木全体の水分がカラカラにならないように自分,
541,社会（都道府県）,choice,東北地方の秋田県で大人気のご当地グルメで温かいスープの中に手でちぎった平たいお餅のようなお米を入れて食べる料理は何？,きりたんぽ,ほうとう,ゴーヤチャンプルー,わんこそば,潰したご飯を杉の棒に巻き付けて焼いたのが始まりだよ ダンジョンの焚き火で焼く料理にぴったりだね,
542,社会（都道府県）,choice,中部地方の山梨県に伝わる郷土料理で平たい太めの下ごしらえした麺をカボチャやお野菜と一緒に味噌仕立てのスープで煮込む料理は何？,ほうとう,きりたんぽ,沖縄そば,ちゃんぽん,戦国時代の武将である武田信玄も戦の前のエネルギー補給に食べていたというとってもパワフルな食べ物だよ,
543,社会（都道府県）,choice,九州地方の長崎県で生まれた名物料理で豚肉やエビにたっぷりのお野菜を太い麺と一緒に炒めてスープで煮込む料理は何？,ちゃんぽん,ほうとう,冷やし中華,ソーキそば,明治時代に中国から留学してきた学生たちにお腹いっぱい栄養をつけてもらうために作られたのが始まりなんだよ,
544,社会（都道府県）,choice,沖縄県を代表するゴーヤチャンプルーという料理。このチャンプルーという言葉は現地の言葉で一体どういう意味？,混ぜこぜにする（炒める）,とても苦い,おじいちゃんのごちそう,海の神様へのプレゼント,豆腐やお肉やお野菜を『混ぜこぜにして炒める』という意味だよ ゲームのアイテム合成のヒントにも使えそうだね,
545,社会（都道府県）,choice,岩手県の名物で小さな木のお椀に一口ぶんの麺が次々と放り込まれてお腹いっぱいになるまで戦い続けるお蕎麦は何？,わんこそば,おそ松そば,忍者そば,富士山そば,給仕さんとの『じゃんじゃん！』という掛け声に合わせて食べるよ 100杯以上食べると記念の手形がもらえるんだ,
546,社会（都道府県）,choice,県庁所在地が松山市である愛媛県。この県が日本一の生産量を目指して競っているコタツの上に欠かせない冬の大人気フルーツは何？,みかん,リンゴ,バナナ,メロン,ミカンの皮をむくギザギザのむき方を『愛媛むき』というよ！ジュースが出る蛇口が本当にあるウワサの県なんだ,
547,社会（都道府県）,choice,青森県が生産量日本一を誇る大人気フルーツ。世界中で愛されていて丸くて赤くてかじるとシャキッとする果物は何？,リンゴ,みかん,スイカ,パイナップル,涼しい気候がリンゴ作りにぴったりなんだ！パソコンのアップル社のマークの元になった果物としても有名だね,
548,社会（都道府県）,choice,北海道の形。右上のほうに長くて斜めにツンと尖った知床半島がありますがその先に見える島々のことを何という？,北方領土（ほっぽうりょうど）,小笠原諸島,南西諸島,ハワイ諸島,日本固有の領土だけれど今はロシアが占領している場所だよ 社会のテストで位置がよく狙われるから地図を見よう,
549,社会（都道府県）,choice,近畿地方の兵庫県にある淡路島（あわじしま）。この大きな島は瀬戸大橋ではなく何という世界一長い吊り橋で神戸市と繋がっている？,明石海峡大橋（あかしかいきょう）,横浜ベイブリッジ,レインボーブリッジ,瀬戸大橋,夜になるとイルミネーションが虹色に光ってもの凄くキレイなんだよ！淡路島はタマネギが日本一甘くて美味しい島なんだ,
550,社会（都道府県）,choice,日本地図の真ん中にある琵琶湖。この巨大な湖の水は滋賀県だけでなくお隣のどこの都道府県の人たちの大切な飲み水になっている？,京都府と大阪府,東京都と神奈川県,福岡県と佐賀県,北海道と青森県,滋賀県が『琵琶湖の水を止めるぞ！』と言うとお隣の京都や大阪の人は水が飲めなくなっちゃうという定番のジョークがあるよ,
551,社会（地理）,choice,日本の一番南にある沖ノ鳥島（おきのとりしま）。まわりの広い海を守るために島が波で削られて消えないよう国が何をしている？,コンクリートの護岸とチタンのネットで丸ごと囲んでいる,大きな傘を立てている,毎日泥を塗っている,まわりに防波堤の木を植えている,島が消えると日本の領海（海のなわばり）が減っちゃうから何百億円もかけてサイボーグみたいにガチガチに守っているよ,
552,社会（地理）,choice,日本の一番東にある島で一般の人は立ち入ることができない朝日が日本で一番最初に昇るレアな島はどこ？,南鳥島（みなみとりしま）,沖ノ鳥島,択捉島,国後島,ここは日本で唯一『太平洋プレート』という海の岩盤の上にポツンと乗っかっているサンゴ礁でできた超絶レアな島なんだ,
553,社会（地理）,choice,日本地図の西の端っこ。長崎県よりもさらに西にあり台湾のすぐ近くにある一般の人が住んでいる日本最西端の島はどこ？,与那国島（よなぐにじま）,対馬,種子島,淡路島,お天気がいい日には台湾の山が肉眼で見えるくらい近いよ！日本で一番最後に夕日が沈むロマンチックな島なんだ,
554,社会（地理）,choice,北海道のさらに北にあり日本が認めている日本の領土の中で一番北の端っこにある大きな島はどれ？,択捉島（えとろふとう）,国後島,色丹島,歯舞群島,漢字がとっても難しいけれど『えとろふ』と読むよ！これで日本の東西南北の端っこの島が全部パズルみたいに揃ったね,
555,社会（地理）,choice,日本のまわりをぐるっと囲んでいる海。西側にある日本と韓国やロシアのあいだにある広い海の正しい名前は何？,日本海（にほんかい）,太平洋,東シナ海,オホーツク海,冬になると冷たい風がこの海を渡ってきて新潟県や長野県に世界一レベルのドカ雪を降らせる原因になる海なんだ,
556,社会（地理）,choice,日本のまわりを囲む海。東側と南側に果てしなく広がっていてアメリカまで続いている世界最大の巨大な海の正しい名前は何？,太平洋（たいへいやー）,日本海,オホーツク海,東シナ海,地球の表面の3分の1を占める巨大な海！夏になるとこの海の上で台風が生まれて日本に向かって突撃してくるよ,
557,社会（地理）,choice,北海道の北側に広がっていて冬になるとどこまでも白い氷の塊（流氷）がプカプカ浮いて流れてくる海の正しい名前は何？,オホーツク海,日本海,太平洋,東シナ海,シベリアの凍った川の水が海に流れて凍るから流氷ができるんだ！クリオネという海の天使が見られる不思議な海だよ,
558,社会（地理）,choice,沖縄県や九州地方の西側に広がっていて中国の方へと繋がっている温かくてキレイな海の正しい名前は何？,東シナ海,太平洋,日本海,オホーツク海,南からの温かい海流（黒潮）が流れているよ！キレイなお魚やサンゴ礁がたくさんある南国の海なんだ,
559,社会（地理）,choice,日本列島の太平洋側を南から北へ向かって流れているお魚が大量に取れる世界最大級の温かい海流（暖流）の別名は何？,黒潮（くろしお）,親潮,対馬海流,リマン海流,海の色が遠くから見ると深い青（黒っぽく）見えるから黒潮というよ！カツオやマグロがこの流れに乗って旅をするんだ,
560,社会（地理）,choice,千島列島の方から北海道の東側を通って南へ下りてくる冷たいけれどプランクトンが日本一ギザギザ入った海の川（寒流）の名前は何？,親潮（おやしお）,黒潮,対馬海流,日本海流,生き物を育てる栄養がたっぷり入っていて魚たちを育てる『親のような海』だから親潮というんだよ,
561,社会（地理）,choice,日本の暖流（黒潮）と寒流（親潮）がぶつかり合ってプランクトンとお魚が無限に集まる世界有数の漁場のことを何という？,潮目（しおめ）または潮境,海の駅,津軽海峡,海の境界線,海の温度が急に変わる場所で魚たちのハイウェイの交差点！ここに行けば高級な魚がたくさん釣れるボーナスエリアだよ,
562,社会（地理）,choice,平らな土地（平野）のなかで川が運んできた泥や砂がたまってできた農業やお米作りに最高なサラサラした土地の形を何という？,沖積平野（ちゅうせきへいや）,隆起台地,カルスト台地,砂漠平野,小4社会のちょっと難しいキーワード！日本の大都市や広い水田はほとんどこの平野の上に作られているんだ,
563,社会（地図記号）,choice,地図記号で丸の中に点々が３つ入っているマーク（ニュースのブドウの粒みたいな形）。ここには何が生えている？,茶畑（お茶の木）,ブドウ畑,お花畑,タバコ畑,静岡県や京都府の宇治市にたくさんあるお茶の木の畑だよ！お茶の葉っぱを上から見たときの形をデザインしたんだ,
564,社会（地図記号）,choice,地図記号で鳥居（とりい）の形をした日本の伝統的なマーク。ここに行くと一体何がある？,神社（じんじゃ）,お寺,お墓,キリスト教会,神様が住んでいる神社の入り口にある門の形だよ！お寺のマーク（まんじ）とテストで絶対に入れ替わる罠だよ,
565,社会（地図記号）,choice,地図記号のまんじマーク（漢字の万の古い形みたいなマーク）。ここに行くと一体何がある？,お寺（寺院）,神社,官公署,城跡,仏様がいてお坊さんがお経を読んでいるお寺だよ！神社の鳥居マークと絶対に間違えないようにセットで暗記しよう,
566,社会（地図記号）,choice,地図記号で丸い盾の中に縦のバツと横の棒が入っているようなカッコいいマーク。ここを守ってくれる場所はどこ？,消防署（しょうぼうしょ）,警察署,市役所,自衛隊駐屯地,大昔の火消し（消防士）が持っていた『まとい』というチームの目印の道具を上から見たデザインなんだよ,
567,社会（地図記号）,choice,地図記号でアルファベットのＹの中に縦棒が1本入ったマーク（または鳥の足跡のような形）。これは何の場所？,税務署（ぜいむしょ）,消防署,警察署,郵便局,お給料やお買い物にかかる税金の計算や相談をする場所だよ！大昔に税金を測っていた『ハカリの天秤』の形なんだ,
568,社会（生活）,choice,お家や学校の蛇口をひねると出てくる水道水。このお水は浄水場でキレイにされたあとどこを通って街の隅々まで配られている？,地面の下の水道管（配水管）,空の上の専用ホース,透明なプラスチックの箱,地下の川そのまま,道路の地面の下には網の目のように巨大なパイプ（水道管）が走っていてみんなの家までお水を届けているんだよ,
569,社会（生活）,choice,トイレやお風呂や台所から流した汚れたお水。これはそのまま川に流すと魚が全滅しちゃうのでどこの工場に集められる？,下水処理場（水再生センター）,浄水場,ごみ焼却場,発電所,バイキン（微生物）の力で汚い泥やお水をパクパク食べてもらって川に流せるくらいキレイに透明にするハイテク工場だよ,
570,社会（生活）,choice,お家から出るプラスチックのゴミ。そのまま燃やすと地球が温まるガスが出るので細かく砕いて新しいプラスチック製品にリメイクするエコ活動は何？,リサイクル,リデュース,リユース,リセット,ゴミを燃やさず資源として生まれ変わらせる大作戦！ペットボトルがみんなの着ているフリースに変身したりするんだ,
571,理科（天体）,choice,夜空の星。１等星よりもさらに明るい星をマイナスの数字で表すことがあります。全天で太陽の次に明るいマイナスの星は何？,おおいぬ座のシリウス,オリオン座のリゲル,こと座のベガ,さそり座のアンタレス,冬の夜空でダイヤモンドのように怪しく青白く光る超ウルトラ一等星！なんとマイナス1.5等星というバグ級の明るさだよ,
572,理科（天体）,choice,太陽が朝に東から昇って夕方に西へ沈む。この太陽の1日の動きのことを理科の言葉で何という？,日周運動（にっしゅううんどう）,公転運動,年周運動,自由落下,星の動きと同じ！太陽が動いているんじゃなくて自分たちがいる地球のほうがコマのように回っているからそう見えるんだ,
573,理科（天体）,choice,お月様が完全に丸い形になったときの名前は満月ですがではお月様が太陽の方向とかぶって真っ暗で見えなくなったときの名前は何？,新月（しんげつ）または朔,三日月,半月,十六夜,,
574,理科（天体）,choice,お月様の形。右側が半分だけプカプカ光っているマカロンのような形の月のことを理科の言葉で何という？,上弦の月（じょうげんのつき）,下弦の月,満月,新月,夕方に南の空に見えて夜中に西へ沈んでいくよ！弓の弦（ひも）が上を向いて沈むから上弦の月という名前なんだ,
575,理科（天体）,choice,お月様の形。左側が半分だけ光っていて夜中に東から昇ってきて朝に南の空に見える月のことを何という？,下弦の月（かげんのつき）,上弦の月,三日月,満月,上弦の月とは光っている側が真逆！朝に西へ沈んでいくときに弓の弦が下を向くから下弦の月というんだよ,
576,理科（天体）,choice,太陽の光が地面をギザギザに温めて1日の気温が変わります。では1日のうちで『気温が一番低くなる（一番寒い）』のはいつ頃？,日の出のすぐ直前（朝の5時〜6時頃）,真夜中の12時頃,夜の10時頃,夕方の6時頃,夜のあいだ中ずっと地面が宇宙に向かって熱を逃がし続ける（放射冷却）からお日様が出る直前が一番キンキンに冷えるんだ,
577,理科（天体）,choice,お月様は毎日どれくらいの時間ずつ遅れて空に昇ってくる？（だから毎日見える時間がズレていくんだよ）,約５０分ずつ遅くなる,約1時間早くなる,ちょうど2時間遅くなる,いつでも同じ時間,月が地球のまわりを毎日お散歩（公転）しているから 毎日約50分ずつ夜更かししないと次の月が見られなくなるんだ,
578,理科（天体）,choice,太陽を直接目で見ると失明する危険があって絶対にダメです！太陽の光の強さや黒いポチ（黒点）を安全に観察するための専用の板は何？,遮光板（しゃこうばん）または日食グラス,ただの下敷き,虫眼鏡,お父さんのサングラス,太陽の光を99.9%以上カットしてくれる特殊なフィルターの板だよ！これを使っても長い時間見つめちゃダメだからね,
579,理科（天体）,choice,夏の夜空を縦に流れる白い川のような無数の星の集まり。はくちょう座がその中で泳いでいるように見える光の帯は何？,天の川（あまのがわ）または銀河,流れ星の線,オーロラ,飛行機雲,実は自分たちがいる『天の川銀河』という巨大な星の渦巻きを内側から横に見た姿なんだ！何千億個もの星の集まりだよ,
580,理科（天体）,choice,北の夜空にある北斗七星（ひしゃくの形）。このひしゃくの先端の２つの星の長さを『５倍』まっすぐ伸ばした先にある星は何？,北極星（ほっきょくせい）,シリウス,ベテルギウス,ベガ,理科のテストの超絶定番の記述問題！迷子になったらひしゃくの頭を5倍伸ばせば真北を教えてくれる北極星に会えるよ,
581,理科（動植物）,choice,理科の授業で育てるヘチマ。種を植えたあと最初に出てくる丸っこい２枚の可愛い葉っぱのことを何という？,子葉（しよう）または双葉,本葉,ギザギザ葉,花びら,タネの中に最初から用意されていたお弁当の栄養を使って開く特別な葉っぱだよ！そのあとに出てくるのが本葉（ほんば）だ,
582,理科（動植物）,choice,ヘチマなどの植物が根っこからゴクゴク吸い上げた水。この水は茎（くき）の中の何という専用のパイプラインを通って上に行く？,道管（どうかん）,師管,血管,水道管,水が通る道だから道管（どうかん）！お葉っぱで作った栄養が通るパイプは師管（しかん）というから間違えないでね,
583,理科（動植物）,choice,昆虫の体のパーツ。カブトムシやアリの足は６本ですがでは「羽（はね）」は頭・胸・腹のどこのパーツから生えている？,胸（むね）,頭,お腹,背中のお尻,足も羽も乗り物のエンジンと同じ！昆虫を動かすためのパーツは全部絶対に『胸』にくっついているんだよ,
584,理科（動植物）,choice,春になると池の底からたくさんのオタマジャクシが生まれます。オタマジャクシが大人（カエル）になるとき最初に向かって生えてくるのはどっちの足？,後ろ足（うしろあし）,前足,右の足だけ,しっぽが足になる,実は後ろ足が先にピョコッと生えてきてそのあと皮膚の下で準備していた前足が突き破るように出てくるんだよ,
585,理科（動植物）,choice,夏の夜にミンミンゼミやアブラセミがもの凄いうるささで大合唱しています。あの爆音で鳴いているセミの性別はどっち？,オスだけ,メスだけ,どっちも鳴く,子供のセミだけ,お腹の中に音を響かせる太鼓の部屋（発音器）を持っているのはオスのセミだけ！メスをナンパするために必死に鳴いている,
586,理科（動植物）,choice,植物のタネが芽を出す（発芽）ために必要な３つの条件。水と、空気（酸素）と、あと一つは絶対になに？,適した温度（まわりのあたたかさ）,太陽の光,土,肥料,冷たい冷蔵庫の中だと種は眠ったままで芽を出さないよ！春のポカポカしたあたたかさが必要なんだ,
587,理科（動植物）,choice,モンシロチョウの幼虫（アオムシ）がキャベツの葉っぱをモリモリ食べて大きくなります。さなぎになる前に何回皮を脱ぐ（脱皮する）？,４回（５億になる）,１回,１０回,絶対に脱皮しない,アオムシの皮膚はゴムみたいに伸びないから 大きくなるたびに脱皮するよ 4回脱皮したあとの5令幼虫がさなぎになるんだ,
588,理科（動植物）,choice,サクラの木は冬になると葉っぱが全部落ちて枯れ木のようになります。でも枝の先には春に咲くための何が準備されている？,冬芽（ふゆめ・とうが）,タネ,青い葉っぱ,ハチの巣,冷たい冬の風や氷から守るために硬いうろこのコートをかぶった芽が秋のうちからスタンバイしているんだよ,
589,理科（動植物）,choice,秋になるとツバメが日本からいなくなります。彼らは冬のあいだどこへ行ってバカンスを過ごしているの？,南の温かい国（フィリピンやマレーシアなど）,シベリアの寒い国,宇宙,山の洞窟で冬眠している,日本が冬になると虫がいなくなってエサが取れないから 温かい東南アジアまで何千キロも海を渡って旅をするんだよ,
590,理科（動植物）,choice,冬になるとクマやシマリスはお部屋にこもって春まで寝て過ごします（冬眠）。この寝ているときの彼らの体温はどうなっている？,もの凄く低くなっている（エネルギーをセーブするため）,人間と同じ36度くらい,アツアツに燃えている,０度で凍っている,体温をギリギリまで下げることでお腹が減らないようにしているよ カエルやヘビはまわりの土と同じ温度まで下がっちゃう,
591,理科（電気）,choice,乾電池（かんでんち）のポチッと飛び出しているプラス極と平らなマイナス極。電気（電流）はどっちの極から出発して回路を流れるルール？,プラス極から出てマイナス極へ向かう,マイナス極から出てプラス極へ向かう,どっちからも同時に出る,流れないで止まっている,電気はプラスからマイナスへ流れる！理科の回路パズルの大前提のルールだから絶対に覚えておこう,
592,理科（電気）,choice,乾電池２個を使ってプロペラモーターを回します。電池のプラスとマイナスを交互に一列に繋ぐパワフルな繋ぎ方を何という？,直列つなぎ（ちょくれつつなぎ）,並列つなぎ,交差つなぎ,ご破算つなぎ,電気のパワー（電圧）が2倍になってモーターが猛スピードで回るよ！その代わり電池がなくなるのも2倍早いんだ,
593,理科（電気）,choice,乾電池２個のプラスどうしマイナスどうしを隣に並べて繋ぐ方法。電気の強さは電池1個分と同じだけど長持ちする繋ぎ方は何？,並列つなぎ（へいれつつなぎ）,直列つなぎ,階段つなぎ,リセットつなぎ,電気の通り道が2本のハイウェイになるから 電池が2倍長持ちするよ！おもちゃを長く動かしたいときに使うんだ,
594,理科（電気）,choice,モーターカーの走る向きをバック（反対方向）に変えたいとき回路の乾電池をどのようにいじればいい？,乾電池の向きをあべこべに逆にする,電池を2個に増やす,スイッチを連打する,電線をギザギザに結ぶ,電池の向きを逆にすると電気の流れ（電流の向き）が逆になるから モーターの回る向きも逆回転になってバックするよ,
595,理科（電気）,choice,光を浴びると乾電池みたいに電気を作ることができるお家の屋根や電卓にくっついている薄い板（シート）を何という？,光電池（こうでんち）またはソーラーパネル,乾電池,蓄電池,プロペラパネル,太陽の光の強さに合わせて作られる電気の強さが変わるよ！乾電池と違って使い終わってもゴミにならないエコな板だね,
596,理科（電気）,choice,光電池（ソーラーパネル）にモーターを繋いで回します。もっとプロペラを速く回したいときはどうすればいい？,太陽の光を強く当てる（鏡などで光を集める）,パネルを日陰に隠す,パネルを裏返しにする,冷たい水をかける,光が強ければ強いほど電気がたくさん生まれるよ！雲がかかって日陰になるとパワーがガクッと落ちちゃうのが弱点なんだ,
597,理科（電気）,choice,回路の途中に組み込んで電気を通したり止めたりするカチカチ動かすパーツのことを何という？,スイッチ,コンセント,プラグ,モーター,電気の通り道の橋を上げたり下げたりするパーツだよ！橋を下げて回路が繋がった状態を『通電』というんだ,
598,算数（分数）,choice,ピザを１枚買ってきて完璧に３等分にカットしました。そのうちの２枚をお皿に乗せたときの量を表す分数はどれ？,３分の２,２分の３,３分の３,1,全体を３つに分けたうちの２つ分だから３分の２！下の数字（分母）がお母さんで上の数字（分子）が子どもだよ,
599,算数（分数）,choice,分数で『４分の３』と『４分の２』の足し算をします。分子と分母の足し算のルールで正しいのはどれ？,下の分母はそのままで上の分子だけ足し算する,上も下もどっちも足し算する,下の分母だけ足し算する,分数の足し算はできない,分母は『ピザのカットサイズ』を表しているだけだから変えちゃダメ！サイズはそのままで上の個数だけ足して４分の５だ,
600,算数（数）,choice,算数の大きな数。１億の１万倍は１兆（ちょう）ですがでは１兆のさらに１万倍した次の桁の単位の名前は何？,１京（けい）,１垓,１命,１零,兆の次は『京（けい）』というよ！スーパーコンピュータの『京』や『富岳』の計算スピードの由来になった単位なんだ,
601,算数（数）,choice,日本の数字の数え方のルール。一・万・億・兆・京。これは数字の０（ゼロ）が何個増えるたびに名前が変わる？,４個ずつ増えるたび（４桁ごと）,３個ずつ増えるたび,５個ずつ増えるたび,１個ずつ増えるたび,千の次が万！万が4桁進むと億！漢字で大きな数を書くときは右から4桁ごとにカンマを入れて考えると超簡単だよ,
602,算数（数）,choice,"英語の数の数え方（Thousand, Million, Billion）。これは０（ゼロ）が何個増えるたびに名前が変わる？",３個ずつ増えるたび（３桁ごと）,４個ずつ増えるたび,２個ずつ増えるたび,６個ずつ増えるたび,"だから世界中の算数の教科書や数字には『1,000,000』みたいに3桁ごとにカンマがついているんだね！",
603,算数（単位）,choice,算数の面積の単位。たてが１０ｍでよこが１０ｍの正方形の土地の面積（１００平方メートル）のことを別の単位で何という？,１アール（ａ）,１ヘクタール,１平方キロメートル,１センチメートル,みんなの学校の教室１クラス分くらいの広さがちょうど１アールだよ！面積の単位換算パズルの基本のキだね,
604,算数（単位）,choice,面積の単位。たてが１００ｍでよこが１００ｍの正方形の土地の面積（１００００平方メートル）のことを何という？,１ヘクタール（ｈａ）,１アール,１平方キロメートル,１平方メートル,学校の校庭の広さやサッカースタジアムくらいの大きな広さ！アール（ａ）にｈ（ヘクト＝100倍）がついた単位なんだ,
605,算数（単位）,choice,単位換算のひっかけパズル！広ーい『１ヘクタール（ha）』の土地の中には『１アール（a）』の土地がいくつ敷き詰められる？,１００個,１０個,1,０００個,10,０００個
606,算数（単位）,choice,もっと巨大な面積パズル！『１平方キロメートル（km²）』という街レベルの土地の中には『１ヘクタール（ha）』の土地がいくつ入る？,１００個,１０個,1,０００個,じつは１個だけ,
607,算数（単位）,choice,算数テストの罠！『たて３０ｍでよこ４０ｍの長方形の公園があります。この公園の面積は何アール（a）ですか？』,１２アール（30×40=1200㎡だから）,１２０アール,１アール,１２００アール,,
608,算数（単位）,choice,算数のひっかけその２！『たて２００ｍでよこ５００ｍの巨大な森があります。この森の面積は何ヘクタール（ha）ですか？』,１０ヘクタール（200×500=100000㎡だから）,１００ヘクタール,１ヘクタール,１０００ヘクタール,,
609,算数（図形）,choice,４つの角がすべて直角（９０度）で向かい合う辺の長さが同じであるノートやテレビの画面のような形を何という？,長方形,正方形,ひし形,台形,漢字の通り『長い正方形』と書いて長方形！身の回りの四角形はほとんどこの形で作られているよ,
610,算数（図形）,choice,４つの辺の長さがすべて同じでさらに４つの角もすべて直角（９０度）という完璧なサイコロの面のような形は何？,正方形,長方形,ひし形,平行四辺形,すべての辺の長さもすべての角の角度もパーフェクトに同じ！四角形界の一番キレイなエリートの形だよ,
611,算数（図形）,choice,平行四辺形（へいこうしへんけい）の向かい合う２組の辺。この２本の線をどこまで長く伸ばしても絶対に起きないことはなに？,２本の線が交わること（絶対にぶつからない）,線が消えること,曲がること,数字が変わること,平行（へいこう）というのは 電車のレールやノートの横線と同じで どこまで伸ばしても絶対にぶつからない線のことだよ,
612,算数（図形）,choice,色々な四角形のなかで向かい合う辺が「１組だけ」平行になっているすべり台の階段や怪獣の足のような形を何という？,台形（だいけい）,ひし形,平行四辺形,長方形,跳び箱を横から見た形やプリンのカップの形も台形！1組だけが平行で残り２本の線は伸ばすと上でぶつかっちゃうんだ,
613,算数（図形）,choice,４つの辺の長さがすべて同じだけど角の角度は直角ではないトランプのダイヤのマークのような四角形を何という？,ひし形（ひしがた）,正方形,台形,平行四辺形,植物の『菱（ひし）』の葉っぱの形にそっくりだからひし形というよ！ひっくり返しても辺の長さは全部同じなんだ,
514,算数（図形）,choice,どんなにヘンテコな形でもすべての四角形の４つの内側の角の角度を全部足し算すると合計は絶対に何度になる？,３６０度,１８０度,９０度,５４０度,,
615,算数（図形）,choice,ひし形の対角線（たいかくせん）のひっかけ問題！ひし形の中にバツ印のように引いた２本の対角線は真ん中でどのように交わっている？,垂直（９０度）に交わっている,斜めに交わっている,じつは真ん中で交わらない,長さが絶対に同じになる,,
616,算数（計算）,choice,「２５×１７×４」という３つの掛け算。左から順番に計算するよりも先にどことどこを掛け算すると一瞬で暗算のボーナスステージになる？,２５×４を先にやる（100になるから）,１７×４を先にやる,２５×１７を先にやる,じつはどれをやっても同じくらい難しい,,
617,算数（計算）,choice,「１２５×９×８」という計算問題。算数が得意な子が計算用紙を見た瞬間にニヤリとして最初に頭の中で計算するペアはどっち？,１２５×８（1000になるから）,９×８（普通の九九だから）,１２５×９,右から順番に地道にやる,,
618,算数（計算）,choice,わり算のあまりの絶対ルール！「▢÷８＝６あまり△」という問題のときあまりの△に入る数字で『絶対にありえない数字』はどれ？,９（わる数の8より大きくなったらダメだよ）,2,5,1,,
619,算数（計算）,choice,「割り算が合っているか」を確かめる計算（たしかめ算）のやり方。正しい数式の組み合わせはどれ？,わる数 × 商 ＋ あまり ＝ わられる数,商 ＋ あまり × わる数 ＝ わられる数,わられる数 ÷ あまり ＝ 商,わる数 ＋ 商 ＋ あまり ＝ わられる数,,
620,算数（そろばん）,choice,そろばんの上のほうにポツンと１個ある５だま（五玉）。この珠（たま）を人差し指でパチッと下に下げると数字のいくつを表したことになる？,5,1,50,0,,
621,算数（そろばん）,choice,そろばんの下のほうに４個ずつ並んでいる１だま（一玉）。これを親指で４個ぜんぶ上に押し上げると数字のいくつを表したことになる？,4,1,5,40,,
622,算数（そろばん）,choice,そろばんで計算を始める前に数字をきれいに全部消して０にリセットすることを何という？,ご破算（ごはさん）,ゲームセット,クリア,全消し,,
623,国語（慣用句）,choice,あまりにも仲が悪くて顔を合わせるとすぐに大ゲンカを始めてしまう２人の関係を有名なことわざでは何と何にたとえている？,犬と猿（犬猿の仲）,猫とネズミ,キツネとタヌキ,クジラとイワシ,,
624,国語（慣用句）,choice,手紙を出したりメッセージを送ったりしたきり返事がなにも返ってこない寂しい状態のことをたとえた言葉は何？,梨のつぶて（なしのつぶて）,リンゴのナゲキ,ブドウのシズク,ミカンのアワ,,
625,国語（慣用句）,choice,何をアドバイスしてもまったく効果がなく右の耳から左の耳へ聞き流されてしまう様子を動物にたとえて何という？,馬の耳に念仏（うまのみみにねんぶつ）,豚に真珠,猫に小判,犬に論語,,
626,国語（慣用句）,choice,価値のわからない人にいくら高級なゲームやお宝をあげても意味がないという有名なことわざは何？,猫に小判（あるいは豚に真珠）,犬に論語,馬の耳に念仏,雀の涙,,
627,国語（慣用句）,choice,自分のお家の庭やお部屋の広さがもの凄く狭い（ちいさい）ことを身近な動物の体の一部にたとえて何という？,猫の額（ねこ のひたい）,雀の涙,蟻の穴,犬の足跡,,
628,国語（慣用句）,choice,もらえるお小遣いやおやつの量がほんの少ししかなくてがっかりな様子を小さな鳥にたとえて何という？,雀の涙（すずめのなみだ）,猫の額,蚊の汗,象の鼻水,,
629,国語（慣用句）,choice,誰かのうわさ話をしているとなぜかその本人がちょうどグッドタイミングで部屋に入ってくる不思議な現象を表す言葉は何？,噂をすれば影が差す,壁に耳あり障子に目あり,灯台下暗し,類は友を呼ぶ,,
630,国語（慣用句）,choice,のんびり寝そべっているだけで思いがけないラッキーな幸運や美味しいプレゼントが口の中に降ってくるようなことわざは何？,棚からぼた餅（たなぼた）,海老で鯛を釣る,鬼に金棒,瓢箪から駒,,
631,国語（慣用句）,choice,探している大切な消しゴムがじつは自分の座っている机のすぐ真下や目の前に落ちていたというような灯台の足元と同じ状態をたとえた言葉は何？,灯台下暗し（とうだいもとくらし）,井の中の蛙,一寸先は闇,藪から棒,,
632,国語（慣用句）,choice,テストの前にしっかりと宿題をやって準備しておけば本番で何も怖くないというような事前の準備が安心を生むことを表す言葉は何？,備えあれば憂いなし（そなえあればうれいなし）,急がば回れ,果報は寝て待て,失敗は成功のもと,,
633,国語（ことわざ）,choice,どんなに遠くて長い合格への道のりであってもまずは目の前の小さな一歩を踏み出すことから始まるという意味の有名な言葉は何？,千里の道も一歩から,百里の道も一歩から,急がば回れ,塵も積もれば山となる,,
634,国語（ことわざ）,choice,小さな消しゴムのカスやチリであっても毎日毎日たくさん集めるといつかは巨大な山になるという意味のコツコツ頑張る言葉は何？,塵（ちり）も積もれば山となる,千里の道も一歩から,雨降って地固まる,石の上にも三年,,
635,国語（ことわざ）,choice,ケンカをしたりトラブルが起きたあとのほうがかえって前よりも仲良くなったりチームがまとまったりするという天気の変化にたとえた言葉は何？,雨降って地固まる,災い転じて福となす,負けるが勝ち,三人寄れば文殊の知恵,,
636,国語（ことわざ）,choice,普通の人であっても３人が集まって真面目にアイデアを出し合えば知恵の神様（文殊様）のような素晴らしい知恵が生まれるという意味の言葉は何？,三人寄れば文殊の知恵,一石二鳥,十人十色,百聞は一見にしかず,,
637,国語（ことわざ）,choice,人から何回もうわさ話や説明を聞くよりもたった１回だけ自分の目で直接確かめたほうがよくわかるという意味の数字の百が入った言葉は何？,百聞は一見にしかず（ひゃくぶんはいっけんにしかず）,三人寄れば文殊の知恵,棚からぼた餅,論より証拠,,
638,国語（漢字）,choice,４年生で習う難しい漢字新潟県の潟という漢字。右側の上の部分の四角の中の正しい形はどれ？,真ん中が縦にパカッと離れた「臼」の形,ただの「白」,太陽の「日」,目の「目」,,
639,国語（漢字）,choice,４年生で習う難しい漢字愛媛県の媛という漢字。右側の上の部分はカタカナのある文字にそっくりな形をしています。何に見える？,カタカナの「ツ」の形,カタカナの「ク」の形,カタカナの「ハ」の形,カタカナの「ワ」の形,,
640,国語（漢字）,choice,漢字のパーツ（部首）の名前。漢字の上側に家（うかんむり）や草（くさかんむり）のように帽子のように乗っかっているパーツのことを何という？,かんむり（冠）,あし（足）,へん（辺）,つくり,,
